contractSymbol,strike,bid,ask,lastPrice,volume,openInterest,impliedVolatility,lastTradeDate,tipo,ticker,vencimiento,descarga_utc,spot_S0
LLY280121C00360000,360.0,834.0,854.0,849.0,1.0,173,0.7532831068420411,2026-09-24 17:41:08+00:00,call,LLY,2028-01-21,2026-09-27 07:21,1183.4599609375
LLY280121C00370000,370.0,824.0,844.0,900.0,8.0,14,0.7371699867248536,2026-08-24 19:12:42+00:00,call,LLY,2028-01-21,2026-09-27 07:21,1183.4599609375
LLY280121C00380000,380.0,816.0,834.0,830.0,1.0,12,0.7305324798583983,2026-09-24 14:11:29+00:00,call,LLY,2028-01-21,2026-09-27 07:21,1183.4599609375
LLY280121C00390000,390.0,772.0,792.0,599.0,1.0,2,1.0000000000000003e-05,2026-05-01 19:58:04+00:00,call,LLY,2028-01-21,2026-09-27 07:21,1183.4599609375
LLY280121C00400000,400.0,796.0,816.0,791.55,4.0,5,0.7087278883361816,2026-08-28 16:28:43+00:00,call,LLY,2028-01-21,2026-09-27 07:21,1183.4599609375
LLY280121C00410000,410.0,734.0,752.0,630.45,1.0,1,1.0000000000000003e-05,2026-05-13 16:34:40+00:00,call,LLY,2028-01-21,2026-09-27 07:21,1183.4599609375
LLY280121C00430000,430.0,738.0,756.0,470.15,,1,0.42804527038574225,2026-04-28 19:03:30+00:00,call,LLY,2028-01-21,2026-09-27 07:21,1183.4599609375
LLY280121C00440000,440.0,760.0,780.0,743.82,2.0,0,0.6823304472351075,2026-09-03 19:57:29+00:00,call,LLY,2028-01-21,2026-09-27 07:21,1183.4599609375
LLY280121C00450000,450.0,752.0,770.0,745.0,1.0,5,0.6756319058227541,2026-08-28 15:54:43+00:00,call,LLY,2028-01-21,2026-09-27 07:21,1183.4599609375
LLY280121C00460000,460.0,0.0,0.0,490.53,20.0,0,1.0000000000000003e-05,2026-03-31 15:33:21+00:00,call,LLY,2028-01-21,2026-09-27 07:21,1183.4599609375
LLY280121C00470000,470.0,589.0,595.0,651.5,1.0,0,1.0000000000000003e-05,2025-12-29 18:20:10+00:00,call,LLY,2028-01-21,2026-09-27 07:21,1183.4599609375
LLY280121C00490000,490.0,575.0,581.5,638.4,1.0,0,1.0000000000000003e-05,2026-01-22 20:04:36+00:00,call,LLY,2028-01-21,2026-09-27 07:21,1183.4599609375
LLY280121C00500000,500.0,706.0,726.0,689.72,8.0,60,0.6419942417144777,2026-09-17 13:59:25+00:00,call,LLY,2028-01-21,2026-09-27 07:21,1183.4599609375
LLY280121C00510000,510.0,698.0,716.0,665.53,3.0,6,0.6352575537109376,2026-09-15 17:27:19+00:00,call,LLY,2028-01-21,2026-09-27 07:21,1183.4599609375
LLY280121C00520000,520.0,688.0,708.0,683.95,2.0,20,0.6285284950256349,2026-08-28 16:26:10+00:00,call,LLY,2028-01-21,2026-09-27 07:21,1183.4599609375
LLY280121C00530000,530.0,0.0,0.0,441.53,2.0,0,1.0000000000000003e-05,2026-03-25 16:10:03+00:00,call,LLY,2028-01-21,2026-09-27 07:21,1183.4599609375
LLY280121C00540000,540.0,0.0,0.0,710.0,1.0,0,1.0000000000000003e-05,2026-08-12 14:38:16+00:00,call,LLY,2028-01-21,2026-09-27 07:21,1183.4599609375
LLY280121C00550000,550.0,664.0,680.0,651.02,1.0,23,0.6136055485534668,2026-09-01 19:54:27+00:00,call,LLY,2028-01-21,2026-09-27 07:21,1183.4599609375
LLY280121C00560000,560.0,653.75,672.0,600.35,1.0,27,0.6061593339538576,2026-09-11 17:02:09+00:00,call,LLY,2028-01-21,2026-09-27 07:21,1183.4599609375
LLY280121C00570000,570.0,510.0,517.0,531.43,2.0,3,1.0000000000000003e-05,2026-01-16 20:08:15+00:00,call,LLY,2028-01-21,2026-09-27 07:21,1183.4599609375
LLY280121C00580000,580.0,507.0,513.9,242.0,1.0,1,1.0000000000000003e-05,2025-09-26 13:31:45+00:00,call,LLY,2028-01-21,2026-09-27 07:21,1183.4599609375
LLY280121C00590000,590.0,692.0,710.0,687.43,1.0,9,0.8529677789306642,2026-07-07 18:07:00+00:00,call,LLY,2028-01-21,2026-09-27 07:21,1183.4599609375
LLY280121C00600000,600.0,620.0,638.0,614.0,1.0,10,0.5888484108734131,2026-09-01 19:54:27+00:00,call,LLY,2028-01-21,2026-09-27 07:21,1183.4599609375
LLY280121C00620000,620.0,669.95,684.0,625.0,1.0,24,0.8289354264831541,2026-06-30 14:28:19+00:00,call,LLY,2028-01-21,2026-09-27 07:21,1183.4599609375
LLY280121C00630000,630.0,570.0,586.5,394.0,6.0,32,0.49835706726074225,2026-05-08 18:42:32+00:00,call,LLY,2028-01-21,2026-09-27 07:21,1183.4599609375
LLY280121C00640000,640.0,562.0,578.5,385.32,10.0,13,0.4978077563476563,2026-05-08 15:50:07+00:00,call,LLY,2028-01-21,2026-09-27 07:21,1183.4599609375
LLY280121C00650000,650.0,0.0,0.0,552.02,1.0,0,1.0000000000000003e-05,2026-05-28 15:01:35+00:00,call,LLY,2028-01-21,2026-09-27 07:21,1183.4599609375
LLY280121C00660000,660.0,635.95,650.05,608.0,2.0,10,0.7911245252990724,2026-06-26 17:57:41+00:00,call,LLY,2028-01-21,2026-09-27 07:21,1183.4599609375
LLY280121C00670000,670.0,627.95,642.0,590.0,10.0,9,0.7834723191070558,2026-07-02 16:36:10+00:00,call,LLY,2028-01-21,2026-09-27 07:21,1183.4599609375
LLY280121C00680000,680.0,0.0,0.0,599.0,1.0,0,1.0000000000000003e-05,2026-08-12 15:29:11+00:00,call,LLY,2028-01-21,2026-09-27 07:21,1183.4599609375
LLY280121C00690000,690.0,0.0,0.0,421.49,1.0,0,1.0000000000000003e-05,2026-05-21 13:53:17+00:00,call,LLY,2028-01-21,2026-09-27 07:21,1183.4599609375
LLY280121C00700000,700.0,536.0,553.3,553.42,8.0,26,0.5413253875732424,2026-08-26 19:57:15+00:00,call,LLY,2028-01-21,2026-09-27 07:21,1183.4599609375
LLY280121C00710000,710.0,0.0,0.0,446.98,1.0,0,1.0000000000000003e-05,2026-06-02 16:43:23+00:00,call,LLY,2028-01-21,2026-09-27 07:21,1183.4599609375
LLY280121C00720000,720.0,482.0,498.0,369.7,5.0,30,0.42017181396484377,2026-05-12 16:32:33+00:00,call,LLY,2028-01-21,2026-09-27 07:21,1183.4599609375
LLY280121C00730000,730.0,580.0,594.0,531.04,1.0,13,0.7389628765106201,2026-07-10 17:46:54+00:00,call,LLY,2028-01-21,2026-09-27 07:21,1183.4599609375
LLY280121C00740000,740.0,360.0,378.0,315.48,1.0,4,1.0000000000000003e-05,2026-04-08 13:45:32+00:00,call,LLY,2028-01-21,2026-09-27 07:21,1183.4599609375
LLY280121C00750000,750.0,496.0,512.05,450.0,1.0,28,0.5205889006042479,2026-09-09 14:33:08+00:00,call,LLY,2028-01-21,2026-09-27 07:21,1183.4599609375
LLY280121C00760000,760.0,490.0,504.85,465.09,14.0,36,0.5210466596984862,2026-09-17 13:30:03+00:00,call,LLY,2028-01-21,2026-09-27 07:21,1183.4599609375
LLY280121C00770000,770.0,0.0,0.0,342.0,1.0,0,1.0000000000000003e-05,2026-03-06 18:12:48+00:00,call,LLY,2028-01-21,2026-09-27 07:21,1183.4599609375
LLY280121C00780000,780.0,486.0,506.0,429.15,1.0,17,0.5563742177963258,2026-06-22 17:23:18+00:00,call,LLY,2028-01-21,2026-09-27 07:21,1183.4599609375
LLY280121C00790000,790.0,480.0,500.0,423.9,1.0,11,0.5571409642791749,2026-06-22 17:19:36+00:00,call,LLY,2028-01-21,2026-09-27 07:21,1183.4599609375
LLY280121C00800000,800.0,458.0,474.35,471.0,1.0,86,0.5062228943634034,2026-09-24 18:45:29+00:00,call,LLY,2028-01-21,2026-09-27 07:21,1183.4599609375
LLY280121C00810000,810.0,452.0,466.0,411.99,1.0,16,0.5041324611663818,2026-09-08 14:59:14+00:00,call,LLY,2028-01-21,2026-09-27 07:21,1183.4599609375
LLY280121C00820000,820.0,444.0,461.3,436.0,1.0,15,0.5042316423034667,2026-09-02 19:15:11+00:00,call,LLY,2028-01-21,2026-09-27 07:21,1183.4599609375
LLY280121C00830000,830.0,0.0,0.0,529.82,1.0,0,1.0000000000000003e-05,2026-08-19 14:52:53+00:00,call,LLY,2028-01-21,2026-09-27 07:21,1183.4599609375
LLY280121C00840000,840.0,430.0,444.0,423.48,3.0,22,0.5147486574935913,2026-08-28 19:36:43+00:00,call,LLY,2028-01-21,2026-09-27 07:21,1183.4599609375
LLY280121C00850000,850.0,422.0,436.85,418.0,2.0,49,0.511899107131958,2026-09-22 18:42:17+00:00,call,LLY,2028-01-21,2026-09-27 07:21,1183.4599609375
LLY280121C00860000,860.0,0.0,0.0,439.0,1.0,0,1.0000000000000003e-05,2026-08-07 19:48:54+00:00,call,LLY,2028-01-21,2026-09-27 07:21,1183.4599609375
LLY280121C00870000,870.0,400.0,416.0,415.22,1.0,7,0.48891960060119644,2026-06-08 17:18:50+00:00,call,LLY,2028-01-21,2026-09-27 07:21,1183.4599609375
LLY280121C00880000,880.0,400.0,418.0,390.35,2.0,25,0.5093165829086304,2026-08-31 16:10:19+00:00,call,LLY,2028-01-21,2026-09-27 07:21,1183.4599609375
LLY280121C00890000,890.0,394.0,409.55,355.43,1.0,20,0.5027095933151245,2026-09-08 14:21:38+00:00,call,LLY,2028-01-21,2026-09-27 07:21,1183.4599609375
LLY280121C00900000,900.0,388.0,403.45,384.66,30.0,110,0.5019008855819702,2026-09-21 17:19:41+00:00,call,LLY,2028-01-21,2026-09-27 07:21,1183.4599609375
LLY280121C00910000,910.0,380.0,394.75,345.0,1.0,34,0.4946034426879883,2026-09-10 13:55:39+00:00,call,LLY,2028-01-21,2026-09-27 07:21,1183.4599609375
LLY280121C00920000,920.0,374.0,391.0,387.5,1.0,48,0.49921155090332037,2026-09-24 14:30:17+00:00,call,LLY,2028-01-21,2026-09-27 07:21,1183.4599609375
LLY280121C00930000,930.0,366.0,386.0,330.18,1.0,18,0.5005543109130859,2026-09-08 14:21:38+00:00,call,LLY,2028-01-21,2026-09-27 07:21,1183.4599609375
LLY280121C00940000,940.0,362.0,375.35,374.25,1.0,70,0.4884809148025514,2026-09-24 18:44:53+00:00,call,LLY,2028-01-21,2026-09-27 07:21,1183.4599609375
LLY280121C00950000,950.0,354.0,368.6,363.65,1.0,53,0.485543627281189,2026-09-24 13:51:54+00:00,call,LLY,2028-01-21,2026-09-27 07:21,1183.4599609375
LLY280121C00960000,960.0,348.0,366.0,337.09,1.0,22,0.4919789572143555,2026-08-31 15:47:31+00:00,call,LLY,2028-01-21,2026-09-27 07:21,1183.4599609375
LLY280121C00970000,970.0,404.4,420.0,409.0,4.0,16,0.6079178918075563,2026-07-07 17:20:48+00:00,call,LLY,2028-01-21,2026-09-27 07:21,1183.4599609375
LLY280121C00980000,980.0,336.0,351.7,314.0,1.0,25,0.4836210390853883,2026-09-18 17:56:15+00:00,call,LLY,2028-01-21,2026-09-27 07:21,1183.4599609375
LLY280121C00990000,990.0,0.0,0.0,354.15,2.0,0,1.0000000000000003e-05,2026-08-12 13:32:50+00:00,call,LLY,2028-01-21,2026-09-27 07:21,1183.4599609375
LLY280121C01000000,1000.0,324.0,340.75,320.15,1.0,455,0.4823049816894531,2026-09-25 13:58:25+00:00,call,LLY,2028-01-21,2026-09-27 07:21,1183.4599609375
LLY280121C01010000,1010.0,0.0,0.0,353.0,1.0,0,1.0000000000000003e-05,2026-08-10 13:56:18+00:00,call,LLY,2028-01-21,2026-09-27 07:21,1183.4599609375
LLY280121C01020000,1020.0,0.0,0.0,380.0,3.0,0,1.0000000000000003e-05,2026-08-19 13:30:04+00:00,call,LLY,2028-01-21,2026-09-27 07:21,1183.4599609375
LLY280121C01030000,1030.0,306.0,324.0,292.5,1.0,38,0.478597133026123,2026-09-04 13:36:59+00:00,call,LLY,2028-01-21,2026-09-27 07:21,1183.4599609375
LLY280121C01040000,1040.0,300.0,315.15,293.88,2.0,246,0.4702544735336304,2026-09-21 15:48:43+00:00,call,LLY,2028-01-21,2026-09-27 07:21,1183.4599609375
LLY280121C01050000,1050.0,296.0,311.3,292.55,1.0,221,0.47231820411682135,2026-09-22 15:54:16+00:00,call,LLY,2028-01-21,2026-09-27 07:21,1183.4599609375
LLY280121C01060000,1060.0,0.0,0.0,331.95,20.0,0,1.0000000000000003e-05,2026-08-11 14:37:04+00:00,call,LLY,2028-01-21,2026-09-27 07:21,1183.4599609375
LLY280121C01070000,1070.0,0.0,0.0,360.7,1.0,0,1.0000000000000003e-05,2026-08-19 13:37:54+00:00,call,LLY,2028-01-21,2026-09-27 07:21,1183.4599609375
LLY280121C01080000,1080.0,278.0,292.2,291.75,2.0,19,0.462129249610901,2026-09-24 15:56:12+00:00,call,LLY,2028-01-21,2026-09-27 07:21,1183.4599609375
LLY280121C01100000,1100.0,268.0,283.5,274.25,1.0,454,0.4629684746170044,2026-09-24 13:51:54+00:00,call,LLY,2028-01-21,2026-09-27 07:21,1183.4599609375
LLY280121C01120000,1120.0,258.0,272.05,271.0,10.0,65,0.4578263141250611,2026-09-24 15:43:03+00:00,call,LLY,2028-01-21,2026-09-27 07:21,1183.4599609375
LLY280121C01140000,1140.0,248.0,261.3,261.0,4.0,61,0.453656891708374,2026-09-24 15:43:02+00:00,call,LLY,2028-01-21,2026-09-27 07:21,1183.4599609375
LLY280121C01160000,1160.0,238.0,251.5,233.25,2.0,52,0.45090652248382573,2026-09-24 13:36:05+00:00,call,LLY,2028-01-21,2026-09-27 07:21,1183.4599609375
LLY280121C01180000,1180.0,230.0,242.65,240.9,3.0,37,0.4495256158828735,2026-09-24 18:49:47+00:00,call,LLY,2028-01-21,2026-09-27 07:21,1183.4599609375
LLY280121C01200000,1200.0,220.0,233.7,227.15,4.0,228,0.44750384654998776,2026-09-24 19:59:28+00:00,call,LLY,2028-01-21,2026-09-27 07:21,1183.4599609375
LLY280121C01220000,1220.0,212.0,224.1,211.0,1.0,41,0.4438227005004882,2026-09-25 13:59:14+00:00,call,LLY,2028-01-21,2026-09-27 07:21,1183.4599609375
LLY280121C01240000,1240.0,204.0,217.65,205.95,1.0,53,0.44561559028625486,2026-09-25 17:28:50+00:00,call,LLY,2028-01-21,2026-09-27 07:21,1183.4599609375
LLY280121C01260000,1260.0,196.0,208.3,171.3,2.0,45,0.4415606076431275,2026-09-10 19:09:26+00:00,call,LLY,2028-01-21,2026-09-27 07:21,1183.4599609375
LLY280121C01280000,1280.0,187.95,205.7,169.7,4.0,59,0.4496133530426025,2026-09-18 16:29:24+00:00,call,LLY,2028-01-21,2026-09-27 07:21,1183.4599609375
LLY280121C01300000,1300.0,180.0,198.0,174.89,1.0,747,0.4477785020065307,2026-09-21 14:23:30+00:00,call,LLY,2028-01-21,2026-09-27 07:21,1183.4599609375
LLY280121C01320000,1320.0,172.0,184.7,171.0,1.0,285,0.43522445884704586,2026-09-21 17:19:29+00:00,call,LLY,2028-01-21,2026-09-27 07:21,1183.4599609375
LLY280121C01340000,1340.0,166.0,177.35,163.12,1.0,77,0.4332713533782959,2026-09-25 15:22:56+00:00,call,LLY,2028-01-21,2026-09-27 07:21,1183.4599609375
LLY280121C01360000,1360.0,0.0,0.0,222.5,2.0,0,0.0312596875,2026-08-19 16:42:13+00:00,call,LLY,2028-01-21,2026-09-27 07:21,1183.4599609375
LLY280121C01380000,1380.0,157.35,165.3,158.53,1.0,46,0.43308824974060056,2026-09-23 13:34:54+00:00,call,LLY,2028-01-21,2026-09-27 07:21,1183.4599609375
LLY280121C01400000,1400.0,150.95,159.9,145.59,1.0,253,0.4335955994033814,2026-09-25 14:09:53+00:00,call,LLY,2028-01-21,2026-09-27 07:21,1183.4599609375
LLY280121C01420000,1420.0,145.4,152.7,147.3,2.0,52,0.43040654438018805,2026-09-25 19:54:22+00:00,call,LLY,2028-01-21,2026-09-27 07:21,1183.4599609375
LLY280121C01440000,1440.0,138.95,147.35,126.5,1.0,40,0.4302921046066285,2026-09-04 15:26:14+00:00,call,LLY,2028-01-21,2026-09-27 07:21,1183.4599609375
LLY280121C01460000,1460.0,128.0,142.55,120.8,1.0,274,0.43086811813354503,2026-09-14 17:55:40+00:00,call,LLY,2028-01-21,2026-09-27 07:21,1183.4599609375
LLY280121C01480000,1480.0,122.0,134.85,113.0,1.0,87,0.42565347911834717,2026-09-17 14:28:35+00:00,call,LLY,2028-01-21,2026-09-27 07:21,1183.4599609375
LLY280121C01500000,1500.0,118.0,130.85,124.13,1.0,563,0.4270649029922486,2026-09-25 18:40:48+00:00,call,LLY,2028-01-21,2026-09-27 07:21,1183.4599609375
LLY280121C01520000,1520.0,112.0,125.9,100.25,2.0,69,0.4263630057144166,2026-09-10 16:06:51+00:00,call,LLY,2028-01-21,2026-09-27 07:21,1183.4599609375
LLY280121C01540000,1540.0,108.0,119.4,96.73,1.0,14,0.4223576136398315,2026-09-09 19:09:32+00:00,call,LLY,2028-01-21,2026-09-27 07:21,1183.4599609375
LLY280121C01560000,1560.0,103.2,114.95,92.28,1.0,31,0.42196088909149165,2026-09-08 18:31:32+00:00,call,LLY,2028-01-21,2026-09-27 07:21,1183.4599609375
LLY280121C01580000,1580.0,98.05,109.95,89.24,1.0,126,0.4201794432830811,2026-09-09 19:09:32+00:00,call,LLY,2028-01-21,2026-09-27 07:21,1183.4599609375
LLY280121C01600000,1600.0,94.0,106.55,95.55,1.0,281,0.4212475478363037,2026-09-23 14:44:57+00:00,call,LLY,2028-01-21,2026-09-27 07:21,1183.4599609375
LLY280121C01620000,1620.0,90.0,103.05,81.75,2.0,26,0.42185026397705083,2026-09-11 16:24:03+00:00,call,LLY,2028-01-21,2026-09-27 07:21,1183.4599609375
LLY280121C01640000,1640.0,86.0,98.45,82.35,4.0,41,0.4199620077133179,2026-09-16 14:30:46+00:00,call,LLY,2028-01-21,2026-09-27 07:21,1183.4599609375
LLY280121C01660000,1660.0,82.2,96.5,79.77,1.0,209,0.4231853946685791,2026-09-17 14:36:13+00:00,call,LLY,2028-01-21,2026-09-27 07:21,1183.4599609375
LLY280121C01680000,1680.0,78.0,92.7,93.7,11.0,12,0.4223919455718994,2026-08-26 18:52:54+00:00,call,LLY,2028-01-21,2026-09-27 07:21,1183.4599609375
LLY280121C01700000,1700.0,76.0,89.15,74.05,5.0,45,0.42184263465881355,2026-09-17 15:51:34+00:00,call,LLY,2028-01-21,2026-09-27 07:21,1183.4599609375
LLY280121C01720000,1720.0,72.55,86.0,69.6,2.0,6,0.42187696659088136,2026-09-15 18:57:24+00:00,call,LLY,2028-01-21,2026-09-27 07:21,1183.4599609375
LLY280121C01740000,1740.0,68.0,81.75,63.15,2.0,8,0.419302071685791,2026-09-08 13:40:53+00:00,call,LLY,2028-01-21,2026-09-27 07:21,1183.4599609375
LLY280121C01760000,1760.0,66.75,84.0,60.25,10.0,7,0.4305133548355103,2026-09-11 19:39:06+00:00,call,LLY,2028-01-21,2026-09-27 07:21,1183.4599609375
LLY280121C01770000,1770.0,64.0,78.0,82.45,1.0,9,0.4206143144226075,2026-08-27 14:26:51+00:00,call,LLY,2028-01-21,2026-09-27 07:21,1183.4599609375
LLY280121C01780000,1780.0,65.4,75.15,57.95,2.0,7,0.41740237144470205,2026-09-10 16:27:34+00:00,call,LLY,2028-01-21,2026-09-27 07:21,1183.4599609375
LLY280121C01800000,1800.0,62.55,72.3,63.0,1.0,20,0.417074310760498,2026-09-21 13:56:16+00:00,call,LLY,2028-01-21,2026-09-27 07:21,1183.4599609375
LLY280121C01820000,1820.0,59.8,69.75,55.0,1.0,47,0.41719256519317627,2026-09-08 15:03:30+00:00,call,LLY,2028-01-21,2026-09-27 07:21,1183.4599609375
LLY280121C01840000,1840.0,56.0,69.05,59.6,2.0,78,0.4213734315872193,2026-09-25 17:01:33+00:00,call,LLY,2028-01-21,2026-09-27 07:21,1183.4599609375
LLY280121C01860000,1860.0,53.4,64.65,54.8,8.0,6,0.4167691380310058,2026-09-17 15:38:31+00:00,call,LLY,2028-01-21,2026-09-27 07:21,1183.4599609375
LLY280121C01880000,1880.0,52.25,63.65,53.0,4.0,30,0.4199353050994873,2026-09-17 15:41:30+00:00,call,LLY,2028-01-21,2026-09-27 07:21,1183.4599609375
LLY280121C01900000,1900.0,53.65,60.15,54.3,20.0,127,0.41691790973663323,2026-09-25 17:51:40+00:00,call,LLY,2028-01-21,2026-09-27 07:21,1183.4599609375
LLY280121P00360000,360.0,0.83,3.5,2.62,9.0,374,0.5257615783691407,2026-09-16 18:55:02+00:00,put,LLY,2028-01-21,2026-09-27 07:21,1183.4599609375
LLY280121P00370000,370.0,1.22,3.3,2.23,2.0,152,0.5094653546142578,2026-09-03 18:25:10+00:00,put,LLY,2028-01-21,2026-09-27 07:21,1183.4599609375
LLY280121P00380000,380.0,0.0,11.8,2.19,2.0,158,0.5506941903686525,2026-09-17 19:50:17+00:00,put,LLY,2028-01-21,2026-09-27 07:21,1183.4599609375
LLY280121P00390000,390.0,1.55,11.9,2.71,46.0,482,0.5522810885620117,2026-09-17 19:55:08+00:00,put,LLY,2028-01-21,2026-09-27 07:21,1183.4599609375
LLY280121P00400000,400.0,1.47,3.0,3.16,9.0,55,0.47009807250976565,2026-09-03 18:34:33+00:00,put,LLY,2028-01-21,2026-09-27 07:21,1183.4599609375
LLY280121P00410000,410.0,1.71,11.6,3.65,3.0,65,0.5281419256591797,2026-09-04 13:54:05+00:00,put,LLY,2028-01-21,2026-09-27 07:21,1183.4599609375
LLY280121P00420000,420.0,2.12,4.75,3.98,10.0,50,0.48615015808105466,2026-09-14 13:30:34+00:00,put,LLY,2028-01-21,2026-09-27 07:21,1183.4599609375
LLY280121P00430000,430.0,2.64,5.2,4.44,4.0,192,0.4836477416992188,2026-09-10 18:35:30+00:00,put,LLY,2028-01-21,2026-09-27 07:21,1183.4599609375
LLY280121P00440000,440.0,2.54,4.5,4.7,1.0,37,0.46155323608398446,2026-09-10 18:45:30+00:00,put,LLY,2028-01-21,2026-09-27 07:21,1183.4599609375
LLY280121P00450000,450.0,2.73,5.55,3.75,700.0,22,0.4691825543212891,2026-09-25 18:33:01+00:00,put,LLY,2028-01-21,2026-09-27 07:21,1183.4599609375
LLY280121P00460000,460.0,0.0,0.0,6.7,2.0,0,0.12500875,2026-08-07 16:36:17+00:00,put,LLY,2028-01-21,2026-09-27 07:21,1183.4599609375
LLY280121P00470000,470.0,2.56,12.45,5.01,5.0,14,0.5305222729492188,2026-09-21 13:56:09+00:00,put,LLY,2028-01-21,2026-09-27 07:21,1183.4599609375
LLY280121P00480000,480.0,0.0,6.8,5.15,2.0,24,0.4577996115112305,2026-09-16 17:10:41+00:00,put,LLY,2028-01-21,2026-09-27 07:21,1183.4599609375
LLY280121P00490000,490.0,0.19,10.8,6.95,2.0,33,0.49324542404174815,2026-09-10 17:04:44+00:00,put,LLY,2028-01-21,2026-09-27 07:21,1183.4599609375
LLY280121P00500000,500.0,4.8,7.35,6.7,1.0,136,0.44586735778808595,2026-09-23 13:30:05+00:00,put,LLY,2028-01-21,2026-09-27 07:21,1183.4599609375
LLY280121P00510000,510.0,2.94,13.2,6.95,10.0,6,0.4953358572387696,2026-09-15 17:04:41+00:00,put,LLY,2028-01-21,2026-09-27 07:21,1183.4599609375
LLY280121P00520000,520.0,5.45,13.45,8.8,1.0,79,0.48743188354492195,2026-09-10 13:31:20+00:00,put,LLY,2028-01-21,2026-09-27 07:21,1183.4599609375
LLY280121P00530000,530.0,9.25,17.7,19.85,10.0,95,0.5107318214416505,2026-05-07 17:04:32+00:00,put,LLY,2028-01-21,2026-09-27 07:21,1183.4599609375
LLY280121P00540000,540.0,6.0,9.9,9.5,4.0,35,0.436529072265625,2026-08-31 15:58:49+00:00,put,LLY,2028-01-21,2026-09-27 07:21,1183.4599609375
LLY280121P00550000,550.0,6.6,14.25,10.3,1.0,23,0.46474229110717774,2026-09-08 18:31:26+00:00,put,LLY,2028-01-21,2026-09-27 07:21,1183.4599609375
LLY280121P00560000,560.0,6.9,14.55,10.18,1.0,46,0.45760124923706064,2026-09-16 13:37:08+00:00,put,LLY,2028-01-21,2026-09-27 07:21,1183.4599609375
LLY280121P00570000,570.0,0.0,0.0,10.55,2.0,0,0.12500875,2026-08-20 18:20:33+00:00,put,LLY,2028-01-21,2026-09-27 07:21,1183.4599609375
LLY280121P00580000,580.0,0.0,0.0,18.65,1.0,0,0.12500875,2026-05-28 14:13:44+00:00,put,LLY,2028-01-21,2026-09-27 07:21,1183.4599609375
LLY280121P00590000,590.0,4.0,18.55,16.82,1.0,8,0.4575707319641114,2026-07-30 16:56:09+00:00,put,LLY,2028-01-21,2026-09-27 07:21,1183.4599609375
LLY280121P00600000,600.0,7.95,14.55,12.4,2.0,40,0.4213390996551514,2026-09-17 19:57:36+00:00,put,LLY,2028-01-21,2026-09-27 07:21,1183.4599609375
LLY280121P00620000,620.0,0.0,0.0,17.55,1.0,0,0.12500875,2026-08-11 13:48:31+00:00,put,LLY,2028-01-21,2026-09-27 07:21,1183.4599609375
LLY280121P00630000,630.0,14.75,20.35,20.1,1.0,28,0.43202777450561525,2026-07-28 18:25:44+00:00,put,LLY,2028-01-21,2026-09-27 07:21,1183.4599609375
LLY280121P00640000,640.0,14.25,21.1,25.25,1.0,6,0.4274120369720459,2026-06-25 16:00:24+00:00,put,LLY,2028-01-21,2026-09-27 07:21,1183.4599609375
LLY280121P00650000,650.0,0.0,0.0,20.08,2.0,0,0.12500875,2026-08-18 13:47:34+00:00,put,LLY,2028-01-21,2026-09-27 07:21,1183.4599609375
LLY280121P00660000,660.0,0.0,0.0,19.19,1.0,0,0.12500875,2026-08-21 19:57:49+00:00,put,LLY,2028-01-21,2026-09-27 07:21,1183.4599609375
LLY280121P00670000,670.0,0.0,0.0,22.99,1.0,0,0.062509375,2026-08-12 15:43:03+00:00,put,LLY,2028-01-21,2026-09-27 07:21,1183.4599609375
LLY280121P00680000,680.0,17.55,27.05,27.8,1.0,12,0.42284207534790036,2026-07-10 14:01:15+00:00,put,LLY,2028-01-21,2026-09-27 07:21,1183.4599609375
LLY280121P00690000,690.0,21.4,27.95,34.2,1.0,40,0.4182644844055175,2026-08-04 13:35:29+00:00,put,LLY,2028-01-21,2026-09-27 07:21,1183.4599609375
LLY280121P00700000,700.0,19.75,25.3,21.4,2.0,173,0.397116014251709,2026-09-25 14:43:19+00:00,put,LLY,2028-01-21,2026-09-27 07:21,1183.4599609375
LLY280121P00710000,710.0,19.15,25.1,27.8,1.0,93,0.3877319528198242,2026-08-31 13:31:34+00:00,put,LLY,2028-01-21,2026-09-27 07:21,1183.4599609375
LLY280121P00720000,720.0,21.6,26.8,24.35,1.0,98,0.38719790054321285,2026-09-24 19:15:48+00:00,put,LLY,2028-01-21,2026-09-27 07:21,1183.4599609375
LLY280121P00730000,730.0,21.7,26.7,30.93,2.0,5,0.37842418457031246,2026-09-14 16:48:40+00:00,put,LLY,2028-01-21,2026-09-27 07:21,1183.4599609375
LLY280121P00740000,740.0,22.5,30.2,26.15,8.0,314,0.38520664848327624,2026-09-25 19:26:06+00:00,put,LLY,2028-01-21,2026-09-27 07:21,1183.4599609375
LLY280121P00750000,750.0,25.7,33.2,32.0,2.0,582,0.389028936920166,2026-09-17 18:13:12+00:00,put,LLY,2028-01-21,2026-09-27 07:21,1183.4599609375
LLY280121P00760000,760.0,27.65,31.45,37.56,1.0,20,0.37362534339904785,2026-09-09 16:23:52+00:00,put,LLY,2028-01-21,2026-09-27 07:21,1183.4599609375
LLY280121P00770000,770.0,29.55,44.0,42.45,2.0,14,0.41216102981567376,2026-06-29 17:13:45+00:00,put,LLY,2028-01-21,2026-09-27 07:21,1183.4599609375
LLY280121P00780000,780.0,31.0,37.0,33.45,47.0,115,0.3782029343414306,2026-09-23 16:12:53+00:00,put,LLY,2028-01-21,2026-09-27 07:21,1183.4599609375
LLY280121P00790000,790.0,30.4,36.8,34.75,2.0,15,0.36908971370697025,2026-09-25 19:15:58+00:00,put,LLY,2028-01-21,2026-09-27 07:21,1183.4599609375
LLY280121P00800000,800.0,32.8,38.45,36.5,2.0,200,0.366667405166626,2026-09-25 19:16:06+00:00,put,LLY,2028-01-21,2026-09-27 07:21,1183.4599609375
LLY280121P00810000,810.0,34.5,45.95,46.9,1.0,16,0.38377233665466304,2026-09-16 18:17:42+00:00,put,LLY,2028-01-21,2026-09-27 07:21,1183.4599609375
LLY280121P00820000,820.0,36.4,47.25,48.1,1.0,171,0.3794007373046875,2026-09-16 18:17:42+00:00,put,LLY,2028-01-21,2026-09-27 07:21,1183.4599609375
LLY280121P00830000,830.0,34.0,52.0,46.1,1.0,21,0.3857750326919555,2026-08-24 15:15:51+00:00,put,LLY,2028-01-21,2026-09-27 07:21,1183.4599609375
LLY280121P00840000,840.0,40.45,49.65,49.84,2.0,69,0.36983357223510743,2026-09-17 18:11:43+00:00,put,LLY,2028-01-21,2026-09-27 07:21,1183.4599609375
LLY280121P00850000,850.0,43.85,54.2,46.75,1.0,140,0.3750634698867798,2026-09-25 19:15:57+00:00,put,LLY,2028-01-21,2026-09-27 07:21,1183.4599609375
LLY280121P00860000,860.0,44.8,56.55,53.37,38.0,76,0.373316356010437,2026-09-21 14:05:57+00:00,put,LLY,2028-01-21,2026-09-27 07:21,1183.4599609375
LLY280121P00870000,870.0,48.4,59.6,59.9,8.0,22,0.37338120521545415,2026-09-16 14:38:54+00:00,put,LLY,2028-01-21,2026-09-27 07:21,1183.4599609375
LLY280121P00880000,880.0,49.55,60.7,54.64,7.0,19,0.36775076835632325,2026-09-24 13:47:15+00:00,put,LLY,2028-01-21,2026-09-27 07:21,1183.4599609375
LLY280121P00890000,890.0,52.05,62.4,60.9,2.0,26,0.36373774696350103,2026-09-21 14:05:21+00:00,put,LLY,2028-01-21,2026-09-27 07:21,1183.4599609375
LLY280121P00900000,900.0,54.4,70.0,59.8,11.0,559,0.3753724572753906,2026-09-25 19:15:16+00:00,put,LLY,2028-01-21,2026-09-27 07:21,1183.4599609375
LLY280121P00910000,910.0,59.5,67.15,66.3,14.0,55,0.35900756965637204,2026-09-23 15:56:12+00:00,put,LLY,2028-01-21,2026-09-27 07:21,1183.4599609375
LLY280121P00920000,920.0,61.35,71.15,75.27,2.0,85,0.36059828250885007,2026-09-14 16:48:40+00:00,put,LLY,2028-01-21,2026-09-27 07:21,1183.4599609375
LLY280121P00930000,930.0,60.4,75.85,72.4,70.0,79,0.363638565826416,2026-09-23 18:39:17+00:00,put,LLY,2028-01-21,2026-09-27 07:21,1183.4599609375
LLY280121P00940000,940.0,78.65,87.65,103.5,14.0,29,0.38365789688110347,2026-08-03 18:03:09+00:00,put,LLY,2028-01-21,2026-09-27 07:21,1183.4599609375
LLY280121P00950000,950.0,68.85,79.8,86.6,2.0,251,0.3554828246307372,2026-09-04 17:41:25+00:00,put,LLY,2028-01-21,2026-09-27 07:21,1183.4599609375
LLY280121P00960000,960.0,71.6,84.1,87.4,1.0,7,0.35681414066314693,2026-09-03 17:08:23+00:00,put,LLY,2028-01-21,2026-09-27 07:21,1183.4599609375
LLY280121P00970000,970.0,75.1,88.05,88.46,1.0,10,0.3570544641876221,2026-08-27 13:50:45+00:00,put,LLY,2028-01-21,2026-09-27 07:21,1183.4599609375
LLY280121P00980000,980.0,78.45,91.45,82.81,1.0,11,0.35580325599670404,2026-09-24 19:51:11+00:00,put,LLY,2028-01-21,2026-09-27 07:21,1183.4599609375
LLY280121P00990000,990.0,83.0,94.2,100.0,30.0,23,0.35289648574829097,2026-09-04 17:04:23+00:00,put,LLY,2028-01-21,2026-09-27 07:21,1183.4599609375
LLY280121P01000000,1000.0,88.25,93.3,91.5,4.0,260,0.34169664657592774,2026-09-25 19:53:01+00:00,put,LLY,2028-01-21,2026-09-27 07:21,1183.4599609375
LLY280121P01010000,1010.0,88.85,100.9,102.0,5.0,32,0.34934885276794425,2026-09-23 17:23:52+00:00,put,LLY,2028-01-21,2026-09-27 07:21,1183.4599609375
LLY280121P01020000,1020.0,0.0,0.0,107.65,1.0,0,0.0312596875,2026-08-17 19:05:36+00:00,put,LLY,2028-01-21,2026-09-27 07:21,1183.4599609375
LLY280121P01030000,1030.0,97.6,111.15,116.55,5.0,57,0.3527744166564941,2026-09-04 14:05:19+00:00,put,LLY,2028-01-21,2026-09-27 07:21,1183.4599609375
LLY280121P01040000,1040.0,0.0,0.0,115.45,1.0,0,0.015634843750000002,2026-08-17 15:23:35+00:00,put,LLY,2028-01-21,2026-09-27 07:21,1183.4599609375
LLY280121P01050000,1050.0,106.45,117.95,115.74,2.0,114,0.34802898071289057,2026-09-23 15:30:15+00:00,put,LLY,2028-01-21,2026-09-27 07:21,1183.4599609375
LLY280121P01060000,1060.0,107.3,123.1,127.0,2.0,231,0.3490627533340454,2026-09-16 15:05:06+00:00,put,LLY,2028-01-21,2026-09-27 07:21,1183.4599609375
LLY280121P01070000,1070.0,0.0,0.0,120.8,2.0,0,0.015634843750000002,2026-08-18 16:18:47+00:00,put,LLY,2028-01-21,2026-09-27 07:21,1183.4599609375
LLY280121P01080000,1080.0,118.85,131.95,133.23,2.0,31,0.347563592300415,2026-09-17 18:05:03+00:00,put,LLY,2028-01-21,2026-09-27 07:21,1183.4599609375
LLY280121P01100000,1100.0,124.6,139.2,129.52,1.0,163,0.34221544021606437,2026-09-24 19:12:37+00:00,put,LLY,2028-01-21,2026-09-27 07:21,1183.4599609375
LLY280121P01120000,1120.0,132.5,148.85,141.23,10.0,53,0.34101763725280765,2026-09-23 13:38:44+00:00,put,LLY,2028-01-21,2026-09-27 07:21,1183.4599609375
LLY280121P01140000,1140.0,146.0,158.6,165.75,1.0,77,0.3393506312179565,2026-09-15 18:59:22+00:00,put,LLY,2028-01-21,2026-09-27 07:21,1183.4599609375
LLY280121P01160000,1160.0,156.15,168.0,160.6,2.0,135,0.33638282642364503,2026-09-25 19:36:10+00:00,put,LLY,2028-01-21,2026-09-27 07:21,1183.4599609375
LLY280121P01180000,1180.0,0.0,0.0,152.72,1.0,0,0.0004982763671875,2026-08-19 14:54:04+00:00,put,LLY,2028-01-21,2026-09-27 07:21,1183.4599609375
LLY280121P01200000,1200.0,176.7,190.0,200.0,9.0,262,0.3346395272064209,2026-09-15 18:27:16+00:00,put,LLY,2028-01-21,2026-09-27 07:21,1183.4599609375
LLY280121P01220000,1220.0,0.0,0.0,175.73,1.0,0,1.0000000000000003e-05,2026-08-19 13:34:49+00:00,put,LLY,2028-01-21,2026-09-27 07:21,1183.4599609375
LLY280121P01240000,1240.0,197.65,212.0,221.35,3.0,8,0.33045103149414057,2026-09-14 17:37:28+00:00,put,LLY,2028-01-21,2026-09-27 07:21,1183.4599609375
LLY280121P01260000,1260.0,208.3,222.0,250.0,1.0,4,0.3256369316864013,2026-09-08 13:30:56+00:00,put,LLY,2028-01-21,2026-09-27 07:21,1183.4599609375
LLY280121P01280000,1280.0,219.85,234.0,247.05,1.0,4,0.3239355937194824,2026-09-14 17:08:41+00:00,put,LLY,2028-01-21,2026-09-27 07:21,1183.4599609375
LLY280121P01300000,1300.0,232.4,246.0,272.8,26.0,34,0.3216544275665283,2026-09-09 17:51:51+00:00,put,LLY,2028-01-21,2026-09-27 07:21,1183.4599609375
LLY280121P01320000,1320.0,244.4,260.0,219.55,1.0,6,0.32251272586822505,2026-08-25 16:42:11+00:00,put,LLY,2028-01-21,2026-09-27 07:21,1183.4599609375
LLY280121P01340000,1340.0,257.6,272.0,285.79,1.0,4,0.3191062352752685,2026-09-14 16:48:40+00:00,put,LLY,2028-01-21,2026-09-27 07:21,1183.4599609375
LLY280121P01360000,1360.0,0.0,0.0,285.45,2.0,0,1.0000000000000003e-05,2026-08-14 15:53:27+00:00,put,LLY,2028-01-21,2026-09-27 07:21,1183.4599609375
LLY280121P01380000,1380.0,260.35,271.15,314.3,6.0,8,0.26256917247772216,2026-07-17 13:55:05+00:00,put,LLY,2028-01-21,2026-09-27 07:21,1183.4599609375
LLY280121P01420000,1420.0,283.65,296.3,364.15,,2,0.25176224319458,2026-06-25 16:07:55+00:00,put,LLY,2028-01-21,2026-09-27 07:21,1183.4599609375
LLY280121P01440000,1440.0,295.35,309.0,380.7,,3,0.2452468054199219,2026-06-25 19:27:20+00:00,put,LLY,2028-01-21,2026-09-27 07:21,1183.4599609375
LLY280121P01460000,1460.0,0.0,0.0,358.0,100.0,0,1.0000000000000003e-05,2026-08-14 16:53:17+00:00,put,LLY,2028-01-21,2026-09-27 07:21,1183.4599609375
LLY280121P01480000,1480.0,0.0,0.0,322.15,13.0,0,1.0000000000000003e-05,2026-08-19 15:49:57+00:00,put,LLY,2028-01-21,2026-09-27 07:21,1183.4599609375
LLY280121P01500000,1500.0,369.8,384.0,382.0,16.0,72,0.30241710163116453,2026-09-22 18:58:38+00:00,put,LLY,2028-01-21,2026-09-27 07:21,1183.4599609375
LLY280121P01520000,1520.0,0.0,0.0,349.25,6.0,0,1.0000000000000003e-05,2026-08-19 15:49:57+00:00,put,LLY,2028-01-21,2026-09-27 07:21,1183.4599609375
LLY280121P01540000,1540.0,446.0,462.0,580.12,1.0,2,0.3956588144683839,2026-05-01 13:33:24+00:00,put,LLY,2028-01-21,2026-09-27 07:21,1183.4599609375
LLY280121P01560000,1560.0,381.0,391.6,443.75,1.0,3,0.1927380226516724,2026-07-16 16:35:17+00:00,put,LLY,2028-01-21,2026-09-27 07:21,1183.4599609375
LLY280121P01580000,1580.0,461.45,476.0,444.6,3.0,3,0.35911819477081297,2026-07-27 13:50:06+00:00,put,LLY,2028-01-21,2026-09-27 07:21,1183.4599609375
LLY280121P01600000,1600.0,444.65,462.0,450.53,1.0,12,0.2909311630249023,2026-09-23 13:35:55+00:00,put,LLY,2028-01-21,2026-09-27 07:21,1183.4599609375
LLY280121P01620000,1620.0,510.0,523.95,724.0,1.0,2,0.3905319126129151,2026-04-21 16:52:31+00:00,put,LLY,2028-01-21,2026-09-27 07:21,1183.4599609375
LLY280121P01640000,1640.0,508.0,526.0,491.4,2.0,2,0.3596598763656616,2026-07-27 13:50:06+00:00,put,LLY,2028-01-21,2026-09-27 07:21,1183.4599609375
LLY280121P01660000,1660.0,456.3,469.75,556.0,1.0,6,1.0000000000000003e-05,2026-06-25 16:09:57+00:00,put,LLY,2028-01-21,2026-09-27 07:21,1183.4599609375
LLY280121P01700000,1700.0,529.3,546.0,556.17,10.0,11,0.28044847976684567,2026-09-23 13:52:45+00:00,put,LLY,2028-01-21,2026-09-27 07:21,1183.4599609375
LLY280121P01770000,1770.0,590.0,608.0,606.8,1.0,11,0.27448998222351073,2026-09-23 13:30:03+00:00,put,LLY,2028-01-21,2026-09-27 07:21,1183.4599609375
LLY280121P01780000,1780.0,598.0,616.0,626.55,1.0,3,0.2700344603729248,2026-09-21 13:42:36+00:00,put,LLY,2028-01-21,2026-09-27 07:21,1183.4599609375
LLY280121P01800000,1800.0,616.0,634.0,636.82,1.0,4,0.2676388544464111,2026-09-25 17:35:34+00:00,put,LLY,2028-01-21,2026-09-27 07:21,1183.4599609375
LLY280121P01820000,1820.0,636.0,652.0,654.25,1.0,0,0.26461001510620114,2026-09-25 17:34:51+00:00,put,LLY,2028-01-21,2026-09-27 07:21,1183.4599609375
LLY280121P01840000,1840.0,0.0,0.0,600.0,1.0,0,1.0000000000000003e-05,2026-08-21 14:21:09+00:00,put,LLY,2028-01-21,2026-09-27 07:21,1183.4599609375
LLY280121P01860000,1860.0,0.0,0.0,619.75,,0,1.0000000000000003e-05,2026-08-20 17:44:13+00:00,put,LLY,2028-01-21,2026-09-27 07:21,1183.4599609375
LLY280121P01880000,1880.0,0.0,0.0,645.2,,0,1.0000000000000003e-05,2026-08-20 19:09:54+00:00,put,LLY,2028-01-21,2026-09-27 07:21,1183.4599609375
LLY280121P01900000,1900.0,712.0,728.0,714.03,6.0,7,0.2649838516998291,2026-09-24 14:12:31+00:00,put,LLY,2028-01-21,2026-09-27 07:21,1183.4599609375
ORCL280121C00060000,60.0,81.5,82.6,83.0,1.0,11,0.6760286303710938,2026-09-25 19:58:16+00:00,call,ORCL,2028-01-21,2026-09-27 07:21,137.10000610351562
ORCL280121C00065000,65.0,76.75,80.5,85.15,2.0,74,0.6854889849853516,2026-09-16 18:05:43+00:00,call,ORCL,2028-01-21,2026-09-27 07:21,137.10000610351562
ORCL280121C00070000,70.0,73.65,75.95,75.22,17.0,572,0.6730379376220705,2026-09-25 15:30:05+00:00,call,ORCL,2028-01-21,2026-09-27 07:21,137.10000610351562
ORCL280121C00075000,75.0,70.1,71.45,72.0,1.0,161,0.651492742919922,2026-09-25 14:22:45+00:00,call,ORCL,2028-01-21,2026-09-27 07:21,137.10000610351562
ORCL280121C00080000,80.0,66.6,68.05,69.47,32.0,948,0.6458165301513672,2026-09-24 18:30:38+00:00,call,ORCL,2028-01-21,2026-09-27 07:21,137.10000610351562
ORCL280121C00085000,85.0,62.4,65.35,64.62,2.0,244,0.6368749691772461,2026-09-25 17:24:05+00:00,call,ORCL,2028-01-21,2026-09-27 07:21,137.10000610351562
ORCL280121C00090000,90.0,59.15,62.3,60.5,2.0,258,0.6328772064208985,2026-09-24 14:53:45+00:00,call,ORCL,2028-01-21,2026-09-27 07:21,137.10000610351562
ORCL280121C00095000,95.0,56.25,58.45,59.0,5.0,222,0.6207313317871095,2026-09-25 13:48:42+00:00,call,ORCL,2028-01-21,2026-09-27 07:21,137.10000610351562
ORCL280121C00100000,100.0,53.4,55.7,54.5,64.0,2501,0.6194496063232424,2026-09-25 19:54:14+00:00,call,ORCL,2028-01-21,2026-09-27 07:21,137.10000610351562
ORCL280121C00105000,105.0,50.5,53.45,52.56,1.0,291,0.620090469055176,2026-09-25 17:02:50+00:00,call,ORCL,2028-01-21,2026-09-27 07:21,137.10000610351562
ORCL280121C00110000,110.0,47.0,50.0,48.91,6.0,678,0.600162689819336,2026-09-25 15:54:02+00:00,call,ORCL,2028-01-21,2026-09-27 07:21,137.10000610351562
ORCL280121C00115000,115.0,45.6,47.2,48.5,1.0,542,0.6055947644042969,2026-09-25 13:32:12+00:00,call,ORCL,2028-01-21,2026-09-27 07:21,137.10000610351562
ORCL280121C00120000,120.0,43.5,44.35,45.1,34.0,1011,0.601413898010254,2026-09-25 19:58:06+00:00,call,ORCL,2028-01-21,2026-09-27 07:21,137.10000610351562
ORCL280121C00125000,125.0,40.7,42.75,42.68,3.0,595,0.6003152761840821,2026-09-25 18:28:05+00:00,call,ORCL,2028-01-21,2026-09-27 07:21,137.10000610351562
ORCL280121C00130000,130.0,39.1,40.65,39.87,28.0,1501,0.6033975207519533,2026-09-25 19:59:50+00:00,call,ORCL,2028-01-21,2026-09-27 07:21,137.10000610351562
ORCL280121C00135000,135.0,37.25,38.55,37.79,4.0,401,0.602390450744629,2026-09-25 19:57:27+00:00,call,ORCL,2028-01-21,2026-09-27 07:21,137.10000610351562
ORCL280121C00140000,140.0,35.5,36.55,35.73,26.0,2532,0.6013833807373048,2026-09-25 19:04:02+00:00,call,ORCL,2028-01-21,2026-09-27 07:21,137.10000610351562
ORCL280121C00145000,145.0,33.2,34.85,34.73,14.0,3116,0.5967752725219727,2026-09-25 18:47:09+00:00,call,ORCL,2028-01-21,2026-09-27 07:21,137.10000610351562
ORCL280121C00150000,150.0,32.3,33.3,32.5,55.0,2968,0.6034280380249025,2026-09-25 19:59:24+00:00,call,ORCL,2028-01-21,2026-09-27 07:21,137.10000610351562
ORCL280121C00155000,155.0,30.7,31.45,31.47,33.0,1593,0.6004983798217775,2026-09-25 18:21:59+00:00,call,ORCL,2028-01-21,2026-09-27 07:21,137.10000610351562
ORCL280121C00160000,160.0,27.5,29.55,29.5,14.0,1949,0.5830730169677734,2026-09-25 19:58:01+00:00,call,ORCL,2028-01-21,2026-09-27 07:21,137.10000610351562
ORCL280121C00165000,165.0,26.35,29.95,28.07,8.0,463,0.5992776889038086,2026-09-25 19:42:45+00:00,call,ORCL,2028-01-21,2026-09-27 07:21,137.10000610351562
ORCL280121C00170000,170.0,25.9,27.3,26.65,9.0,741,0.5955240643310546,2026-09-25 19:44:36+00:00,call,ORCL,2028-01-21,2026-09-27 07:21,137.10000610351562
ORCL280121C00175000,175.0,25.0,25.75,25.23,4.0,752,0.5958292370605469,2026-09-25 17:42:08+00:00,call,ORCL,2028-01-21,2026-09-27 07:21,137.10000610351562
ORCL280121C00180000,180.0,24.0,24.4,24.2,37.0,2236,0.5958902716064454,2026-09-25 19:53:11+00:00,call,ORCL,2028-01-21,2026-09-27 07:21,137.10000610351562
ORCL280121C00185000,185.0,22.45,25.0,22.95,21.0,481,0.6061745925903321,2026-09-24 17:27:21+00:00,call,ORCL,2028-01-21,2026-09-27 07:21,137.10000610351562
ORCL280121C00190000,190.0,21.35,23.25,22.15,4.0,1048,0.6003763107299805,2026-09-25 16:36:10+00:00,call,ORCL,2028-01-21,2026-09-27 07:21,137.10000610351562
ORCL280121C00195000,195.0,20.6,21.75,21.99,4.0,1255,0.5984537225341797,2026-09-24 19:38:31+00:00,call,ORCL,2028-01-21,2026-09-27 07:21,137.10000610351562
ORCL280121C00200000,200.0,19.8,20.4,20.09,157.0,10875,0.5965006170654297,2026-09-25 19:59:50+00:00,call,ORCL,2028-01-21,2026-09-27 07:21,137.10000610351562
ORCL280121C00210000,210.0,17.1,18.6,18.72,1.0,876,0.5884440570068359,2026-09-24 18:04:59+00:00,call,ORCL,2028-01-21,2026-09-27 07:21,137.10000610351562
ORCL280121C00220000,220.0,16.1,16.8,16.65,18.0,5236,0.5914957843017579,2026-09-25 19:59:06+00:00,call,ORCL,2028-01-21,2026-09-27 07:21,137.10000610351562
ORCL280121C00230000,230.0,14.3,17.15,15.25,14.0,3697,0.6036416589355471,2026-09-25 19:56:33+00:00,call,ORCL,2028-01-21,2026-09-27 07:21,137.10000610351562
ORCL280121C00240000,240.0,13.85,15.2,14.3,23.0,9112,0.6055337298583985,2026-09-25 19:49:29+00:00,call,ORCL,2028-01-21,2026-09-27 07:21,137.10000610351562
ORCL280121C00250000,250.0,12.8,13.15,12.97,71.0,7970,0.5989114816284181,2026-09-25 19:42:03+00:00,call,ORCL,2028-01-21,2026-09-27 07:21,137.10000610351562
ORCL280121C00260000,260.0,11.0,12.75,12.12,12.0,482,0.5982401016235351,2026-09-24 14:50:13+00:00,call,ORCL,2028-01-21,2026-09-27 07:21,137.10000610351562
ORCL280121C00270000,270.0,10.35,12.3,10.9,4.0,696,0.6062966616821289,2026-09-25 19:44:08+00:00,call,ORCL,2028-01-21,2026-09-27 07:21,137.10000610351562
ORCL280121C00280000,280.0,10.05,11.5,10.13,11.0,14771,0.6130409790039064,2026-09-25 19:33:21+00:00,call,ORCL,2028-01-21,2026-09-27 07:21,137.10000610351562
ORCL280121C00290000,290.0,8.8,10.75,9.46,4.0,3063,0.6093789062500001,2026-09-25 17:00:27+00:00,call,ORCL,2028-01-21,2026-09-27 07:21,137.10000610351562
ORCL280121C00300000,300.0,8.65,9.05,8.7,103.0,8577,0.6055032125854494,2026-09-25 19:40:31+00:00,call,ORCL,2028-01-21,2026-09-27 07:21,137.10000610351562
ORCL280121C00310000,310.0,7.95,8.55,8.9,2.0,808,0.6071206280517578,2026-09-25 13:36:50+00:00,call,ORCL,2028-01-21,2026-09-27 07:21,137.10000610351562
ORCL280121C00320000,320.0,6.65,8.65,7.57,1.0,1482,0.6074868353271485,2026-09-25 19:19:32+00:00,call,ORCL,2028-01-21,2026-09-27 07:21,137.10000610351562
ORCL280121C00330000,330.0,6.7,8.4,7.75,2.0,461,0.6185340881347658,2026-09-24 14:36:19+00:00,call,ORCL,2028-01-21,2026-09-27 07:21,137.10000610351562
ORCL280121C00340000,340.0,5.75,7.7,6.6,3.0,659,0.6113930462646486,2026-09-25 18:46:28+00:00,call,ORCL,2028-01-21,2026-09-27 07:21,137.10000610351562
ORCL280121C00350000,350.0,5.5,7.5,6.15,28.0,2109,0.6179237426757813,2026-09-25 19:29:19+00:00,call,ORCL,2028-01-21,2026-09-27 07:21,137.10000610351562
ORCL280121C00360000,360.0,4.35,7.15,5.89,1.0,405,0.6099587344360352,2026-09-25 18:42:01+00:00,call,ORCL,2028-01-21,2026-09-27 07:21,137.10000610351562
ORCL280121C00370000,370.0,5.35,6.0,5.42,2.0,1168,0.6190223645019532,2026-09-25 17:33:58+00:00,call,ORCL,2028-01-21,2026-09-27 07:21,137.10000610351562
ORCL280121C00380000,380.0,4.55,6.4,5.1,18.0,12632,0.6242103009033204,2026-09-25 19:31:08+00:00,call,ORCL,2028-01-21,2026-09-27 07:21,137.10000610351562
ORCL280121C00390000,390.0,3.9,6.05,4.95,1.0,319,0.6201515036010744,2026-09-25 14:03:31+00:00,call,ORCL,2028-01-21,2026-09-27 07:21,137.10000610351562
ORCL280121C00400000,400.0,4.5,5.6,4.55,33.0,4216,0.6322668609619142,2026-09-25 19:36:32+00:00,call,ORCL,2028-01-21,2026-09-27 07:21,137.10000610351562
ORCL280121C00410000,410.0,3.45,5.15,4.4,2.0,1165,0.6187782263183594,2026-09-25 19:01:21+00:00,call,ORCL,2028-01-21,2026-09-27 07:21,137.10000610351562
ORCL280121C00420000,420.0,3.4,5.15,5.15,10.0,587,0.627078924560547,2026-09-23 17:43:08+00:00,call,ORCL,2028-01-21,2026-09-27 07:21,137.10000610351562
ORCL280121C00430000,430.0,3.35,4.5,4.07,2.0,1704,0.6243323699951173,2026-09-24 14:43:24+00:00,call,ORCL,2028-01-21,2026-09-27 07:21,137.10000610351562
ORCL280121C00440000,440.0,3.35,4.65,3.85,66.0,656,0.6354406573486329,2026-09-24 17:38:20+00:00,call,ORCL,2028-01-21,2026-09-27 07:21,137.10000610351562
ORCL280121C00450000,450.0,3.15,4.2,3.75,3.0,938,0.6324499645996093,2026-09-24 17:03:01+00:00,call,ORCL,2028-01-21,2026-09-27 07:21,137.10000610351562
ORCL280121C00460000,460.0,3.0,4.05,3.6,3.0,849,0.6350134155273439,2026-09-24 16:49:51+00:00,call,ORCL,2028-01-21,2026-09-27 07:21,137.10000610351562
ORCL280121C00470000,470.0,3.15,3.45,3.19,215.0,7800,0.6343420355224609,2026-09-25 19:48:17+00:00,call,ORCL,2028-01-21,2026-09-27 07:21,137.10000610351562
ORCL280121P00060000,60.0,2.74,2.99,2.87,50.0,5747,0.5721478332519532,2026-09-25 19:43:32+00:00,put,ORCL,2028-01-21,2026-09-27 07:21,137.10000610351562
ORCL280121P00065000,65.0,3.2,4.2,3.52,1.0,752,0.5660443786621094,2026-09-25 17:40:42+00:00,put,ORCL,2028-01-21,2026-09-27 07:21,137.10000610351562
ORCL280121P00070000,70.0,4.0,4.9,4.45,2.0,8980,0.5513960876464845,2026-09-24 19:37:53+00:00,put,ORCL,2028-01-21,2026-09-27 07:21,137.10000610351562
ORCL280121P00075000,75.0,5.25,5.55,5.35,10.0,10648,0.5414474566650394,2026-09-25 13:59:44+00:00,put,ORCL,2028-01-21,2026-09-27 07:21,137.10000610351562
ORCL280121P00080000,80.0,5.95,7.65,6.55,3.0,1386,0.542668147583008,2026-09-25 15:37:02+00:00,put,ORCL,2028-01-21,2026-09-27 07:21,137.10000610351562
ORCL280121P00085000,85.0,7.65,9.0,8.35,1.0,2301,0.5423019403076172,2026-09-25 14:17:26+00:00,put,ORCL,2028-01-21,2026-09-27 07:21,137.10000610351562
ORCL280121P00090000,90.0,8.95,10.7,9.23,7.0,894,0.5369919348144532,2026-09-24 18:32:18+00:00,put,ORCL,2028-01-21,2026-09-27 07:21,137.10000610351562
ORCL280121P00095000,95.0,10.7,12.3,10.7,14.0,1831,0.5326889993286132,2026-09-24 19:52:44+00:00,put,ORCL,2028-01-21,2026-09-27 07:21,137.10000610351562
ORCL280121P00100000,100.0,12.3,13.9,12.65,1.0,5696,0.5236864038085938,2026-09-25 14:51:36+00:00,put,ORCL,2028-01-21,2026-09-27 07:21,137.10000610351562
ORCL280121P00105000,105.0,14.35,14.8,14.59,5.0,3414,0.5097400100708008,2026-09-25 17:36:00+00:00,put,ORCL,2028-01-21,2026-09-27 07:21,137.10000610351562
ORCL280121P00110000,110.0,16.3,17.1,16.72,9.0,3254,0.5071460418701172,2026-09-25 17:00:27+00:00,put,ORCL,2028-01-21,2026-09-27 07:21,137.10000610351562
ORCL280121P00115000,115.0,18.65,19.3,19.1,2.0,2465,0.5047046600341796,2026-09-25 14:07:11+00:00,put,ORCL,2028-01-21,2026-09-27 07:21,137.10000610351562
ORCL280121P00120000,120.0,20.95,21.9,21.42,4.0,9846,0.5029346582031251,2026-09-25 19:59:50+00:00,put,ORCL,2028-01-21,2026-09-27 07:21,137.10000610351562
ORCL280121P00125000,125.0,23.4,24.1,23.85,10.0,3691,0.5027515545654297,2026-09-25 19:29:19+00:00,put,ORCL,2028-01-21,2026-09-27 07:21,137.10000610351562
ORCL280121P00130000,130.0,25.95,27.1,26.14,4.0,9966,0.5057727645874023,2026-09-25 18:32:30+00:00,put,ORCL,2028-01-21,2026-09-27 07:21,137.10000610351562
ORCL280121P00135000,135.0,28.8,29.9,29.45,16.0,4262,0.5031482791137696,2026-09-24 16:35:42+00:00,put,ORCL,2028-01-21,2026-09-27 07:21,137.10000610351562
ORCL280121P00140000,140.0,31.85,33.0,32.23,4.0,8930,0.5035144863891602,2026-09-25 17:36:00+00:00,put,ORCL,2028-01-21,2026-09-27 07:21,137.10000610351562
ORCL280121P00145000,145.0,34.55,37.3,34.85,156.0,5635,0.5214586428833007,2026-09-24 16:54:09+00:00,put,ORCL,2028-01-21,2026-09-27 07:21,137.10000610351562
ORCL280121P00150000,150.0,37.65,39.0,37.7,27.0,7237,0.49551896087646485,2026-09-24 19:28:49+00:00,put,ORCL,2028-01-21,2026-09-27 07:21,137.10000610351562
ORCL280121P00155000,155.0,40.55,44.0,41.27,1.0,4200,0.520939849243164,2026-09-25 15:30:18+00:00,put,ORCL,2028-01-21,2026-09-27 07:21,137.10000610351562
ORCL280121P00160000,160.0,44.25,45.5,44.55,3.0,5473,0.48895774719238294,2026-09-25 17:37:53+00:00,put,ORCL,2028-01-21,2026-09-27 07:21,137.10000610351562
ORCL280121P00165000,165.0,47.7,49.55,48.0,5.0,3259,0.49612930633544927,2026-09-25 18:02:36+00:00,put,ORCL,2028-01-21,2026-09-27 07:21,137.10000610351562
ORCL280121P00170000,170.0,51.05,54.5,46.2,21.0,4706,0.5162707064819335,2026-09-17 16:56:42+00:00,put,ORCL,2028-01-21,2026-09-27 07:21,137.10000610351562
ORCL280121P00175000,175.0,55.05,56.75,57.81,3.0,1717,0.4919789572143555,2026-09-24 13:56:33+00:00,put,ORCL,2028-01-21,2026-09-27 07:21,137.10000610351562
ORCL280121P00180000,180.0,57.8,60.35,58.06,7.0,5056,0.48792015991210946,2026-09-24 18:37:08+00:00,put,ORCL,2028-01-21,2026-09-27 07:21,137.10000610351562
ORCL280121P00185000,185.0,62.15,63.55,61.93,1.0,778,0.4759573889160156,2026-09-24 18:30:04+00:00,put,ORCL,2028-01-21,2026-09-27 07:21,137.10000610351562
ORCL280121P00190000,190.0,66.05,68.1,59.85,4.0,1214,0.48508205352783207,2026-09-17 16:59:59+00:00,put,ORCL,2028-01-21,2026-09-27 07:21,137.10000610351562
ORCL280121P00195000,195.0,69.15,71.85,63.87,5.0,1571,0.4797720480346679,2026-09-22 16:25:18+00:00,put,ORCL,2028-01-21,2026-09-27 07:21,137.10000610351562
ORCL280121P00200000,200.0,73.6,76.45,73.92,25.0,3382,0.48792015991210946,2026-09-25 18:28:22+00:00,put,ORCL,2028-01-21,2026-09-27 07:21,137.10000610351562
ORCL280121P00210000,210.0,81.2,84.25,77.45,28.0,565,0.4770560107421875,2026-09-23 14:19:44+00:00,put,ORCL,2028-01-21,2026-09-27 07:21,137.10000610351562
ORCL280121P00220000,220.0,89.0,93.5,92.11,1.0,2213,0.48871360900878913,2026-09-24 14:31:03+00:00,put,ORCL,2028-01-21,2026-09-27 07:21,137.10000610351562
ORCL280121P00230000,230.0,98.85,101.05,93.38,1.0,269,0.4643303079223633,2026-09-23 17:39:40+00:00,put,ORCL,2028-01-21,2026-09-27 07:21,137.10000610351562
ORCL280121P00240000,240.0,107.6,109.85,101.88,1.0,1100,0.4602104760742188,2026-09-23 17:39:40+00:00,put,ORCL,2028-01-21,2026-09-27 07:21,137.10000610351562
ORCL280121P00250000,250.0,116.3,118.65,116.23,5.0,1852,0.452428571472168,2026-09-25 18:32:13+00:00,put,ORCL,2028-01-21,2026-09-27 07:21,137.10000610351562
ORCL280121P00260000,260.0,124.9,127.9,110.85,1.0,347,0.4519708123779297,2026-09-08 16:29:10+00:00,put,ORCL,2028-01-21,2026-09-27 07:21,137.10000610351562
ORCL280121P00270000,270.0,133.8,137.55,124.6,2.0,95,0.45966116516113287,2026-09-11 18:32:02+00:00,put,ORCL,2028-01-21,2026-09-27 07:21,137.10000610351562
ORCL280121P00280000,280.0,143.65,146.4,133.09,57.0,272,0.4424494232177735,2026-09-17 16:01:11+00:00,put,ORCL,2028-01-21,2026-09-27 07:21,137.10000610351562
ORCL280121P00290000,290.0,152.9,155.8,146.5,1.0,829,0.437505625,2026-09-18 13:51:22+00:00,put,ORCL,2028-01-21,2026-09-27 07:21,137.10000610351562
ORCL280121P00300000,300.0,162.0,165.05,149.58,2.0,511,0.4231625067138671,2026-09-10 16:39:22+00:00,put,ORCL,2028-01-21,2026-09-27 07:21,137.10000610351562
ORCL280121P00310000,310.0,172.35,175.2,169.65,80.0,166,0.4419001123046875,2026-09-16 19:34:23+00:00,put,ORCL,2028-01-21,2026-09-27 07:21,137.10000610351562
ORCL280121P00320000,320.0,181.0,184.8,176.24,5.0,129,0.43726148681640625,2026-09-23 18:54:43+00:00,put,ORCL,2028-01-21,2026-09-27 07:21,137.10000610351562
ORCL280121P00330000,330.0,191.0,194.6,183.8,40.0,233,0.4395197650146484,2026-09-03 13:38:40+00:00,put,ORCL,2028-01-21,2026-09-27 07:21,137.10000610351562
ORCL280121P00340000,340.0,0.0,0.0,135.0,101.0,0,1.0000000000000003e-05,2026-06-02 18:29:14+00:00,put,ORCL,2028-01-21,2026-09-27 07:21,137.10000610351562
ORCL280121P00350000,350.0,210.5,213.5,202.14,5.0,200,0.39075316284179684,2026-09-21 19:41:39+00:00,put,ORCL,2028-01-21,2026-09-27 07:21,137.10000610351562
ORCL280121P00360000,360.0,220.5,224.7,209.16,57.0,1,0.47626256164550784,2026-09-17 16:01:11+00:00,put,ORCL,2028-01-21,2026-09-27 07:21,137.10000610351562
ORCL280121P00370000,370.0,212.35,215.35,248.0,1.0,44,1.0000000000000003e-05,2026-07-30 13:37:13+00:00,put,ORCL,2028-01-21,2026-09-27 07:21,137.10000610351562
ORCL280121P00380000,380.0,0.0,0.0,234.95,2.0,0,1.0000000000000003e-05,2026-08-17 13:47:45+00:00,put,ORCL,2028-01-21,2026-09-27 07:21,137.10000610351562
ORCL280121P00390000,390.0,231.75,234.6,269.04,3.0,18,1.0000000000000003e-05,2026-07-27 13:47:18+00:00,put,ORCL,2028-01-21,2026-09-27 07:21,137.10000610351562
ORCL280121P00400000,400.0,260.5,265.5,256.25,2.0,0,0.5502974658203126,2026-09-14 14:47:26+00:00,put,ORCL,2028-01-21,2026-09-27 07:21,137.10000610351562
ORCL280121P00410000,410.0,265.5,270.0,279.03,73.0,0,1.0000000000000003e-05,2026-07-15 14:16:42+00:00,put,ORCL,2028-01-21,2026-09-27 07:21,137.10000610351562
ORCL280121P00420000,420.0,280.5,285.5,268.81,6.0,0,0.5681195532226562,2026-08-27 13:36:20+00:00,put,ORCL,2028-01-21,2026-09-27 07:21,137.10000610351562
ORCL280121P00430000,430.0,290.5,295.5,286.67,2.0,0,0.5766643896484375,2026-08-24 19:24:42+00:00,put,ORCL,2028-01-21,2026-09-27 07:21,137.10000610351562
ORCL280121P00440000,440.0,300.5,305.5,293.9,2.0,0,0.584965087890625,2026-09-02 19:31:03+00:00,put,ORCL,2028-01-21,2026-09-27 07:21,137.10000610351562
ORCL280121P00450000,450.0,310.5,315.5,298.59,57.0,0,0.5930216479492189,2026-09-17 16:01:11+00:00,put,ORCL,2028-01-21,2026-09-27 07:21,137.10000610351562
ORCL280121P00460000,460.0,315.0,320.0,328.65,73.0,0,1.0000000000000003e-05,2026-07-15 14:16:41+00:00,put,ORCL,2028-01-21,2026-09-27 07:21,137.10000610351562
ORCL280121P00470000,470.0,330.5,335.5,324.99,1.0,0,0.608524422607422,2026-09-23 18:54:43+00:00,put,ORCL,2028-01-21,2026-09-27 07:21,137.10000610351562
GD280121C00160000,160.0,178.0,183.0,196.0,,1,0.5066577655029296,2026-09-10 13:39:53+00:00,call,GD,2028-01-21,2026-09-27 07:21,336.7200012207031
GD280121C00165000,165.0,170.5,175.5,182.5,2.0,2,0.4290828576660156,2026-04-09 18:12:14+00:00,call,GD,2028-01-21,2026-09-27 07:21,336.7200012207031
GD280121C00170000,170.0,178.5,183.5,188.0,,1,0.6125832199096681,2026-01-07 19:28:11+00:00,call,GD,2028-01-21,2026-09-27 07:21,336.7200012207031
GD280121C00185000,185.0,0.0,0.0,204.0,1.0,0,1.0000000000000003e-05,2026-08-07 13:32:39+00:00,call,GD,2028-01-21,2026-09-27 07:21,336.7200012207031
GD280121C00190000,190.0,151.0,156.0,193.6,2.0,2,0.45963064788818364,2026-08-28 14:47:00+00:00,call,GD,2028-01-21,2026-09-27 07:21,336.7200012207031
GD280121C00200000,200.0,142.0,147.0,151.0,1.0,4,0.4422358023071289,2026-09-23 19:22:45+00:00,call,GD,2028-01-21,2026-09-27 07:21,336.7200012207031
GD280121C00210000,210.0,137.5,142.0,124.18,1.0,2,0.47585057846069334,2026-04-22 14:10:29+00:00,call,GD,2028-01-21,2026-09-27 07:21,336.7200012207031
GD280121C00220000,220.0,0.0,0.0,183.03,1.0,0,1.0000000000000003e-05,2026-08-14 17:10:13+00:00,call,GD,2028-01-21,2026-09-27 07:21,336.7200012207031
GD280121C00230000,230.0,116.0,120.5,126.05,1.0,11,0.3929809237670898,2026-09-23 18:30:45+00:00,call,GD,2028-01-21,2026-09-27 07:21,336.7200012207031
GD280121C00240000,240.0,107.5,112.0,115.7,5.0,7,0.37886668502807613,2026-09-23 17:09:04+00:00,call,GD,2028-01-21,2026-09-27 07:21,336.7200012207031
GD280121C00250000,250.0,99.5,104.0,120.25,1.0,20,0.3686891744995118,2026-09-04 17:46:09+00:00,call,GD,2028-01-21,2026-09-27 07:21,336.7200012207031
GD280121C00260000,260.0,0.0,0.0,101.7,10.0,0,1.0000000000000003e-05,2026-02-12 16:56:43+00:00,call,GD,2028-01-21,2026-09-27 07:21,336.7200012207031
GD280121C00270000,270.0,125.5,130.5,96.5,1.0,5,0.671451039428711,2026-06-23 14:37:33+00:00,call,GD,2028-01-21,2026-09-27 07:21,336.7200012207031
GD280121C00280000,280.0,76.0,79.9,98.9,1.0,3,0.32875732284545894,2026-09-16 15:02:31+00:00,call,GD,2028-01-21,2026-09-27 07:21,336.7200012207031
GD280121C00290000,290.0,68.5,73.5,87.48,1.0,25,0.32565981964111324,2026-09-11 17:01:53+00:00,call,GD,2028-01-21,2026-09-27 07:21,336.7200012207031
GD280121C00300000,300.0,62.0,66.5,71.7,1.0,44,0.31584851638793937,2026-09-23 15:17:33+00:00,call,GD,2028-01-21,2026-09-27 07:21,336.7200012207031
GD280121C00310000,310.0,56.0,60.0,60.5,7.0,10,0.30783773223876953,2026-09-22 18:38:55+00:00,call,GD,2028-01-21,2026-09-27 07:21,336.7200012207031
GD280121C00320000,320.0,50.5,53.7,53.5,1.0,38,0.29929289581298824,2026-09-25 16:05:24+00:00,call,GD,2028-01-21,2026-09-27 07:21,336.7200012207031
GD280121C00330000,330.0,44.5,48.2,62.0,1.0,6,0.2941507353210449,2026-09-15 16:22:22+00:00,call,GD,2028-01-21,2026-09-27 07:21,336.7200012207031
GD280121C00340000,340.0,39.5,43.1,42.1,2.0,44,0.2895121098327636,2026-09-25 15:41:01+00:00,call,GD,2028-01-21,2026-09-27 07:21,336.7200012207031
GD280121C00350000,350.0,35.4,38.7,41.5,102.0,62,0.2872767195892333,2026-09-22 15:11:55+00:00,call,GD,2028-01-21,2026-09-27 07:21,336.7200012207031
GD280121C00360000,360.0,30.0,35.0,36.54,1.0,97,0.28745219390869137,2026-09-22 16:33:01+00:00,call,GD,2028-01-21,2026-09-27 07:21,336.7200012207031
GD280121C00370000,370.0,26.1,31.0,57.46,1.0,148,0.28362227615356433,2026-08-24 14:06:16+00:00,call,GD,2028-01-21,2026-09-27 07:21,336.7200012207031
GD280121C00380000,380.0,22.5,27.4,39.0,1.0,421,0.2803874452209472,2026-09-16 14:38:07+00:00,call,GD,2028-01-21,2026-09-27 07:21,336.7200012207031
GD280121C00390000,390.0,19.0,24.0,34.66,3.0,83,0.2764659756469726,2026-09-02 15:25:14+00:00,call,GD,2028-01-21,2026-09-27 07:21,336.7200012207031
GD280121C00400000,400.0,16.0,21.0,28.0,2.0,105,0.27327692062377923,2026-09-14 17:12:36+00:00,call,GD,2028-01-21,2026-09-27 07:21,336.7200012207031
GD280121C00410000,410.0,13.8,18.5,22.8,1.0,29,0.2717052810668945,2026-09-21 19:06:59+00:00,call,GD,2028-01-21,2026-09-27 07:21,336.7200012207031
GD280121C00420000,420.0,11.5,16.5,19.57,1.0,115,0.2720714883422851,2026-09-21 14:17:36+00:00,call,GD,2028-01-21,2026-09-27 07:21,336.7200012207031
GD280121C00430000,430.0,9.5,14.5,17.1,2.0,104,0.27080502151489255,2026-09-22 13:34:16+00:00,call,GD,2028-01-21,2026-09-27 07:21,336.7200012207031
GD280121C00440000,440.0,8.9,12.5,12.5,1.0,371,0.2677990701293945,2026-09-24 13:34:24+00:00,call,GD,2028-01-21,2026-09-27 07:21,336.7200012207031
GD280121C00450000,450.0,7.5,10.9,10.8,1.0,24,0.2664563101196289,2026-09-23 13:34:50+00:00,call,GD,2028-01-21,2026-09-27 07:21,336.7200012207031
GD280121C00460000,460.0,6.0,10.0,15.4,2.0,7,0.2700115724182129,2026-09-02 13:32:42+00:00,call,GD,2028-01-21,2026-09-27 07:21,336.7200012207031
GD280121C00470000,470.0,5.0,8.5,11.38,20.0,22,0.26663941375732425,2026-09-11 17:58:42+00:00,call,GD,2028-01-21,2026-09-27 07:21,336.7200012207031
GD280121C00480000,480.0,8.0,13.0,7.5,3.0,9,0.3195563650512695,2026-04-21 18:55:10+00:00,call,GD,2028-01-21,2026-09-27 07:21,336.7200012207031
GD280121C00490000,490.0,12.3,16.5,16.77,10.0,12,0.36035795898437495,2026-07-23 15:47:46+00:00,call,GD,2028-01-21,2026-09-27 07:21,336.7200012207031
GD280121C00500000,500.0,2.4,5.9,11.96,2.0,18,0.267860104675293,2026-08-24 14:42:23+00:00,call,GD,2028-01-21,2026-09-27 07:21,336.7200012207031
GD280121C00520000,520.0,0.0,0.0,12.55,90.0,0,0.062509375,2026-08-19 16:43:08+00:00,call,GD,2028-01-21,2026-09-27 07:21,336.7200012207031
GD280121C00540000,540.0,0.0,5.0,2.88,6.0,11,0.29041236938476556,2026-09-21 19:56:57+00:00,call,GD,2028-01-21,2026-09-27 07:21,336.7200012207031
GD280121C00560000,560.0,1.55,5.1,8.2,,1,0.30748678359985343,2026-07-27 13:30:18+00:00,call,GD,2028-01-21,2026-09-27 07:21,336.7200012207031
GD280121C00580000,580.0,0.0,3.2,2.6,4.0,6,0.2910227148437499,2026-09-16 18:36:51+00:00,call,GD,2028-01-21,2026-09-27 07:21,336.7200012207031
GD280121P00155000,155.0,0.0,2.9,1.0,10.0,12,0.4350032086181641,2026-08-03 16:19:55+00:00,put,GD,2028-01-21,2026-09-27 07:21,336.7200012207031
GD280121P00160000,160.0,0.0,1.35,1.12,10.0,10,0.35986968261718744,2026-08-03 17:30:04+00:00,put,GD,2028-01-21,2026-09-27 07:21,336.7200012207031
GD280121P00165000,165.0,0.0,3.4,2.8,1.0,1,0.41913422668457034,2026-04-24 19:55:53+00:00,put,GD,2028-01-21,2026-09-27 07:21,336.7200012207031
GD280121P00170000,170.0,0.0,0.0,2.0,,0,0.12500875,2026-05-18 18:06:20+00:00,put,GD,2028-01-21,2026-09-27 07:21,336.7200012207031
GD280121P00180000,180.0,0.0,3.2,1.9,1.0,5,0.3698183135986328,2026-06-26 16:21:21+00:00,put,GD,2028-01-21,2026-09-27 07:21,336.7200012207031
GD280121P00190000,190.0,0.05,1.95,1.62,1.0,4,0.3071968695068359,2026-08-26 14:51:19+00:00,put,GD,2028-01-21,2026-09-27 07:21,336.7200012207031
GD280121P00195000,195.0,0.0,3.3,1.75,1.0,7,0.33209896423339846,2026-08-26 14:51:19+00:00,put,GD,2028-01-21,2026-09-27 07:21,336.7200012207031
GD280121P00200000,200.0,0.15,3.0,1.9,1.0,8,0.31211015045166013,2026-09-01 16:42:52+00:00,put,GD,2028-01-21,2026-09-27 07:21,336.7200012207031
GD280121P00210000,210.0,0.65,3.5,2.45,1.0,206,0.2988656539916992,2026-07-23 18:33:34+00:00,put,GD,2028-01-21,2026-09-27 07:21,336.7200012207031
GD280121P00220000,220.0,3.0,7.9,8.3,6.0,11,0.3479679461669921,2026-04-27 15:31:18+00:00,put,GD,2028-01-21,2026-09-27 07:21,336.7200012207031
GD280121P00230000,230.0,1.2,4.2,4.5,2.0,8,0.2644116528320312,2026-07-01 19:15:46+00:00,put,GD,2028-01-21,2026-09-27 07:21,336.7200012207031
GD280121P00240000,240.0,2.55,5.8,3.1,1.0,20,0.26569337829589845,2026-09-15 17:24:03+00:00,put,GD,2028-01-21,2026-09-27 07:21,336.7200012207031
GD280121P00250000,250.0,4.3,7.0,5.4,10.0,156,0.25736216278076174,2026-09-25 19:28:22+00:00,put,GD,2028-01-21,2026-09-27 07:21,336.7200012207031
GD280121P00260000,260.0,0.0,0.0,11.18,2.0,0,0.062509375,2026-05-28 13:30:05+00:00,put,GD,2028-01-21,2026-09-27 07:21,336.7200012207031
GD280121P00270000,270.0,6.5,10.4,6.07,9.0,51,0.24481956359863283,2026-08-31 19:29:44+00:00,put,GD,2028-01-21,2026-09-27 07:21,336.7200012207031
GD280121P00280000,280.0,0.0,0.0,7.0,1.0,0,0.0312596875,2026-08-21 19:01:30+00:00,put,GD,2028-01-21,2026-09-27 07:21,336.7200012207031
GD280121P00290000,290.0,11.0,16.0,9.7,12.0,29,0.24102016311645508,2026-09-03 15:57:55+00:00,put,GD,2028-01-21,2026-09-27 07:21,336.7200012207031
GD280121P00300000,300.0,13.5,18.5,14.59,1.0,25,0.232154895324707,2026-09-22 19:27:01+00:00,put,GD,2028-01-21,2026-09-27 07:21,336.7200012207031
GD280121P00310000,310.0,16.6,21.2,15.15,2.0,23,0.2224198852539062,2026-09-21 19:06:59+00:00,put,GD,2028-01-21,2026-09-27 07:21,336.7200012207031
GD280121P00320000,320.0,20.5,25.0,19.47,1.0,34,0.21785755294799802,2026-09-21 14:17:36+00:00,put,GD,2028-01-21,2026-09-27 07:21,336.7200012207031
GD280121P00330000,330.0,24.5,29.5,22.55,16.0,54,0.21499655860900876,2026-09-09 13:49:40+00:00,put,GD,2028-01-21,2026-09-27 07:21,336.7200012207031
GD280121P00340000,340.0,29.5,34.0,29.0,12.0,213,0.20911435424804684,2026-09-23 16:37:30+00:00,put,GD,2028-01-21,2026-09-27 07:21,336.7200012207031
GD280121P00350000,350.0,34.5,39.0,33.1,2.0,120,0.2034534001159668,2026-09-22 15:12:36+00:00,put,GD,2028-01-21,2026-09-27 07:21,336.7200012207031
GD280121P00360000,360.0,40.0,45.0,32.5,1.0,54,0.20124089782714843,2026-09-15 17:24:03+00:00,put,GD,2028-01-21,2026-09-27 07:21,336.7200012207031
GD280121P00370000,370.0,46.5,51.0,36.95,10.0,24,0.1959308923339844,2026-09-17 13:30:09+00:00,put,GD,2028-01-21,2026-09-27 07:21,336.7200012207031
GD280121P00380000,380.0,53.0,58.0,45.38,20.0,22,0.1943592527770996,2026-09-11 17:58:42+00:00,put,GD,2028-01-21,2026-09-27 07:21,336.7200012207031
GD280121P00390000,390.0,60.0,65.0,50.0,1.0,4,0.189735885925293,2026-09-03 15:56:54+00:00,put,GD,2028-01-21,2026-09-27 07:21,336.7200012207031
GD280121P00400000,400.0,0.0,0.0,40.05,1.0,0,1.0000000000000003e-05,2026-08-12 15:33:43+00:00,put,GD,2028-01-21,2026-09-27 07:21,336.7200012207031
GD280121P00410000,410.0,72.5,77.5,64.3,,0,0.15267265792846685,2026-01-06 17:30:49+00:00,put,GD,2028-01-21,2026-09-27 07:21,336.7200012207031
GD280121P00420000,420.0,84.0,89.0,55.26,1.0,0,0.18113001495361325,2026-08-24 14:06:16+00:00,put,GD,2028-01-21,2026-09-27 07:21,336.7200012207031
GD280121P00430000,430.0,60.5,64.5,72.8,2.0,0,1.0000000000000003e-05,2026-07-02 14:17:44+00:00,put,GD,2028-01-21,2026-09-27 07:21,336.7200012207031
