ticker,strike,moneyness,clase,bid,ask,mid,spread_rel,openInterest,volume,impliedVolatility,IV_americana,vol_GARCH_LP,prima_%spot,valor_tiempo,perdida_max_piso,pasa_liquidez,cotizacion_viva
LLY,950.0,0.8027310017716524,OTM,68.85,79.8,74.32499999999999,0.1473259334006055,251,2.0,0.3554828246307372,0.38037663772386837,0.3752327841750679,0.0674294041488188,74.32499999999999,0.2646984023771664,True,True
LLY,1010.0,0.8534298018835462,OTM,88.85,100.9,94.875,0.1270092226613967,32,5.0,0.34934885276794425,0.3775287694320321,0.3752327841750679,0.08525848218816814,94.875,0.23182868030462186,True,True
LLY,1070.0,0.9041286019954401,OTM,0.0,0.0,120.8,,0,2.0,0.015634843750000002,0.3798896420308674,0.3752327841750679,0.10207358422527958,120.8,0.19794498222983953,False,False
LLY,1120.0,0.9463776020886849,OTM,132.5,148.85,140.675,0.11622534210058641,53,10.0,0.34101763725280765,0.37363867413481794,0.3752327841750679,0.12577527327758994,140.675,0.179397671188905,True,True
LLY,1180.0,0.9970764022005788,ATM,0.0,0.0,152.72,,0,1.0,0.0004982763671875,0.33789710608285234,0.3752327841750679,0.12904534588480712,152.72,0.13196894368422832,False,False
ORCL,110.0,0.8023340270090571,OTM,16.3,17.1,16.700000000000003,0.047904191616766505,3254,9.0,0.5071460418701172,0.5470318750189909,0.5046792288851519,0.12472647147140797,16.700000000000003,0.3223924444623509,True,True
ORCL,115.0,0.8388037555094688,OTM,18.65,19.3,18.975,0.03425559947299089,2465,2.0,0.5047046600341796,0.5476303137970393,0.5046792288851519,0.1407731520115891,18.975,0.3019693965021203,True,True
ORCL,125.0,0.9117432125102922,OTM,23.4,24.1,23.75,0.029473684210526437,3691,10.0,0.5027515545654297,0.5435408631125166,0.5046792288851519,0.17578409137198434,23.75,0.2640408788616922,True,True
ORCL,130.0,0.9482129410107039,OTM,25.95,27.1,26.525,0.04335532516493882,9966,4.0,0.5057727645874023,0.544207221331383,0.5046792288851519,0.19766592847223136,26.525,0.2494529874615275,True,True
ORCL,135.0,0.9846826695111155,ATM,28.8,29.9,29.35,0.037478705281090215,4262,16.0,0.5031482791137696,0.5450243707734369,0.5046792288851519,0.2180889764324619,29.35,0.23340630692134634,True,True
GD,270.0,0.8018531688678289,OTM,6.5,10.4,8.45,0.4615384615384616,51,9.0,0.24481956359863283,0.24768015865650292,0.22677230578293164,0.030886196134168223,8.45,0.2290330272663394,False,True
GD,290.0,0.8612496998950754,OTM,11.0,16.0,13.5,0.37037037037037035,29,12.0,0.24102016311645508,0.24657559706824428,0.22677230578293164,0.047517224821797266,13.5,0.18626752492672183,False,True
GD,300.0,0.8909479654086987,OTM,13.5,18.5,16.0,0.3125,25,1.0,0.232154895324707,0.2410525837297333,0.22677230578293164,0.05494179120020309,16.0,0.16399382579150437,False,True
GD,320.0,0.9503444964359453,OTM,20.5,25.0,22.75,0.1978021978021978,34,1.0,0.21785755294799802,0.23422309322136683,0.22677230578293164,0.07424566378405822,22.75,0.12390116734811292,True,True
GD,340.0,1.009741027463192,ATM,29.5,34.0,31.75,0.14173228346456693,213,12.0,0.20911435424804684,0.23135306690606428,0.22677230578293164,0.10097410274631918,28.470001220703125,0.0912330752831273,True,True
